query_id,category,exp_id,exp_name,weight_code,tau_code,fact_w,injury_w,comp_w,tau,top_k,model,query_text,silver_reference_text,facts_section,laws_section,damages_section,conclusion_section,generated_text
1,單純原被告各一,E01,FI-L,FI,L,0.5,0.3,0.2,0.075,3,gemma3:27b,"一、事故發生緣由:
被告於民國105年4月12日13時27分許，駕駛租賃小客車沿新北市某區某路往富國路方向行駛。行經福營路342號前時，被告跨越分向限制線欲繞越前方由原告所駕駛併排於路邊臨時停車後適欲起駛之車輛。被告為閃避對向來車，因而駕車自後追撞原告駕駛車輛左後車尾。當時天候晴朗、日間自然光線、柏油道路乾燥無缺陷或障礙物、視距良好，被告理應注意車前狀況及兩車並行之間隔，隨時採取必要之安全措施，但卻疏未注意而發生事故。

二、原告受傷情形:
原告因此車禍受有左膝挫傷、半月軟骨受傷等傷害。原告於105年5月2日、7日、7月16日、8月13日、8月29日至醫院門診就診，105年8月2日進行核磁共振造影檢查。根據醫院開立的診斷證明書，原告需休養1個月。

三、請求賠償的事實根據:
1. 醫療復健費用190元
2. 車輛修復費用181,144元
3. 交通費用4,500元
4. 休養期間工作收入損失33,000元
5. 慰撫金99,000元

原告因傷不良於行，上下班須搭乘計程車，支出交通費用。原告的車輛因事故受損需要修理，修理費用包括工資費用88,774元和零件費用92,370元。原告需休養1個月無法工作，造成工作收入損失。

原告學歷為高職畢業，目前從事打零工，日薪約900元，105年度所得124,719元，名下有動產。原告因本次事故受傷，不僅身體受損，還需經歷刑事偵審及民事訴訟過程，耗費大量時間和精神，因此請求精神慰撫金。

綜上所述，原告依據民法第184條第1項前段、第191條之2、第193條第1項及第195條第1項前段之規定，請求被告賠償上述損害，總計317,834元及自起訴狀繕本送達翌日起至清償日止，按年息5%計算之利息。","一、緣被告於民國105年4月12日13時27分許，駕駛租賃小客車沿新北市○○區○○路往富國路方向行駛，行經福營路342號前時，欲繞越前方由原告所駕駛併排於路邊臨時停車後適欲起駛之車輛，因閃避對向來車，疏未注意車前狀況及兩車並行之間隔，追撞原告駕駛車輛左後車尾，致原告受有左膝挫傷、半月軟骨受傷等傷害。被告之行為已構成過失，應負損害賠償責任。

二、按「因故意或過失，不法侵害他人之權利者，負損害賠償責任。」、「汽車、機車或其他非依軌道行駛之動力車輛，在使用中加損害於他人者，駕駛人應賠償因此所生之損害。但於防止損害之發生，已盡相當之注意者，不在此限。」、「不法侵害他人之身體或健康者，對於被害人因此喪失或減少勞動能力或增加生活上之需要時，應負損害賠償責任。」、「不法侵害他人之身體、健康、名譽、自由、信用、隱私、貞操，或不法侵害其他人格法益而情節重大者，被害人雖非財產上之損害，亦得請求賠償相當之金額。」民法第184條第1項前段、第191條之2、第193條第1項、第195條第1項前段分別定有明文。查被告因上開侵權行為，致原告受有下列損害，依前揭規定，被告應負損害賠償責任：

（一）醫療復健費用：190元
原告因本次事故受有左膝挫傷、半月軟骨受傷等傷害，為治療上開傷勢而就醫，支出醫療復健費用190元。

（二）車輛修復費用：181,144元
原告因本次事故導致所駕駛之車輛受損，修復費用包括工資費用88,774元和零件費用92,370元，共計181,144元。

（三）交通費用：4,500元
原告因傷不良於行，上下班須搭乘計程車，支出交通費用4,500元。

（四）休養期間工作收入損失：33,000元
原告因本次車禍受傷，依醫囑需休養1個月，無法工作，造成工作收入損失33,000元。

（五）慰撫金：99,000元
原告因本次車禍造成身體傷害，不僅造成身體上的痛苦，更因傷勢影響日常生活及工作，承受巨大精神壓力，爰向被告請求慰撫金99,000元。

（六）綜上所陳，被告應賠償原告之損害，包含醫療復健費用190元、車輛修復費用181,144元、交通費用4,500元、休養期間工作收入損失33,000元及慰撫金99,000元，總計317,834元，並自起訴狀繕本送達翌日起至清償日止，按年息5%計算之利息。","一、緣
被告於民國105年4月12日13時27分許，駕駛租賃小客車沿新北市某區某路往富國路方向行駛。行經福營路342號前時，被告跨越分向限制線欲繞越前方由原告所駕駛併排於路邊臨時停車後適欲起駛之車輛。被告為閃避對向來車，因而駕車自後追撞原告駕駛車輛左後車尾。當時天候晴朗、日間自然光線、柏油道路乾燥無缺陷或障礙物、視距良好，被告理應注意車前狀況及兩車並行之間隔，隨時採取必要之安全措施，但卻疏未注意而發生事故。",二、按「因故意或過失，不法侵害他人之權利者，負損害賠償責任。」、「汽車、機車或其他非依軌道行駛之動力車輛，在使用中加損害於他人者，駕駛人應賠償因此所生之損害。」、「不法侵害他人之身體或健康者，對於被害人因此喪失或減少勞動能力或增加生活上之需要時，應負損害賠償責任。」、「不法侵害他人之身體、健康、名譽、自由、信用、隱私、貞操，或不法侵害其他人格法益而情節重大者，被害人雖非財產上之損害，亦得請求賠償相當之金額。」，民法第184條第1項前段、民法第191條之2、民法第193條第1項、民法第195條第1項前段分別定有明文。查被告因上開侵權行為，致原告受有下列損害，依前揭規定，被告應負損害賠償責任：,"（一）醫療費用

（二）交通費用
因原告傷勢不良於行，為此上下班需搭乘計程車，相關交通費用共計新台幣4,500元。

（三）工作損失
因原告因車禍需休養1個月，無法工作，造成工作收入損失，共計新台幣33,000元。原告學歷為高職畢業，目前從事打零工，日薪約新台幣900元，105年度所得為新台幣124,719元。

（四）車輛修復費用
原告車輛因事故受損需要修理，修理費用共計新台幣181,144元，其中工資費用為新台幣88,774元，零件費用為新台幣92,370元。

（五）精神慰撫金
因原告因本次事故受傷，不僅身體受損，還需經歷刑事偵審及民事訴訟過程，耗費大量時間和精神，因此請求精神慰撫金新台幣99,000元。

（六）醫療復健費用：新台幣190元。","（七）綜上所陳，被告因前揭侵權行為，應賠償原告所受之各項損害，合計新台幣317,834元，並自起訴狀繕本送達翌日起至清償日止，按年息5%計算之利息。","一、緣
被告於民國105年4月12日13時27分許，駕駛租賃小客車沿新北市某區某路往富國路方向行駛。行經福營路342號前時，被告跨越分向限制線欲繞越前方由原告所駕駛併排於路邊臨時停車後適欲起駛之車輛。被告為閃避對向來車，因而駕車自後追撞原告駕駛車輛左後車尾。當時天候晴朗、日間自然光線、柏油道路乾燥無缺陷或障礙物、視距良好，被告理應注意車前狀況及兩車並行之間隔，隨時採取必要之安全措施，但卻疏未注意而發生事故。

二、按「因故意或過失，不法侵害他人之權利者，負損害賠償責任。」、「汽車、機車或其他非依軌道行駛之動力車輛，在使用中加損害於他人者，駕駛人應賠償因此所生之損害。」、「不法侵害他人之身體或健康者，對於被害人因此喪失或減少勞動能力或增加生活上之需要時，應負損害賠償責任。」、「不法侵害他人之身體、健康、名譽、自由、信用、隱私、貞操，或不法侵害其他人格法益而情節重大者，被害人雖非財產上之損害，亦得請求賠償相當之金額。」，民法第184條第1項前段、民法第191條之2、民法第193條第1項、民法第195條第1項前段分別定有明文。查被告因上開侵權行為，致原告受有下列損害，依前揭規定，被告應負損害賠償責任：

（一）醫療費用

（二）交通費用
因原告傷勢不良於行，為此上下班需搭乘計程車，相關交通費用共計新台幣4,500元。

（三）工作損失
因原告因車禍需休養1個月，無法工作，造成工作收入損失，共計新台幣33,000元。原告學歷為高職畢業，目前從事打零工，日薪約新台幣900元，105年度所得為新台幣124,719元。

（四）車輛修復費用
原告車輛因事故受損需要修理，修理費用共計新台幣181,144元，其中工資費用為新台幣88,774元，零件費用為新台幣92,370元。

（五）精神慰撫金
因原告因本次事故受傷，不僅身體受損，還需經歷刑事偵審及民事訴訟過程，耗費大量時間和精神，因此請求精神慰撫金新台幣99,000元。

（六）醫療復健費用：新台幣190元。

（七）綜上所陳，被告因前揭侵權行為，應賠償原告所受之各項損害，合計新台幣317,834元，並自起訴狀繕本送達翌日起至清償日止，按年息5%計算之利息。"
